epoch,time,train/box_loss,train/cls_loss,train/dfl_loss,metrics/precision(B),metrics/recall(B),metrics/mAP50(B),metrics/mAP50-95(B),val/box_loss,val/cls_loss,val/dfl_loss,lr/pg0,lr/pg1,lr/pg2
1,49.6616,1.66804,2.34959,1.4232,0.53399,0.09468,0.04642,0.03186,1.4616,8.57176,1.40295,0.0003,0.0003,0.0003
2,83.9562,1.34669,1.21602,1.17616,0.02545,0.37447,0.02256,0.01291,1.40449,inf,1.52772,0.000609468,0.000609468,0.000609468
3,118.152,1.34641,1.1169,1.19468,0.55547,0.36341,0.3312,0.19656,1.36893,7.64867,1.38618,0.000915842,0.000915842,0.000915842
4,145.265,1.41395,1.15373,1.21206,0.02608,0.13047,0.02015,0.01027,1.82928,7.72978,2.15377,0.00121912,0.00121912,0.00121912
5,174.098,1.38819,1.10876,1.20611,0.25853,0.26315,0.25827,0.17312,2.28297,44.1419,4.51484,0.00122525,0.00122525,0.00122525
6,328.803,1.36256,1.13131,1.2045,0.62721,0.14933,0.1255,0.06859,nan,nan,nan,0.00121906,0.00121906,0.00121906
7,356.162,1.3609,1.13073,1.19645,0.51435,0.3106,0.30247,0.18815,1.59981,2.76223,1.52319,0.00121287,0.00121287,0.00121287
8,379.004,1.30496,1.04974,1.16454,0.48717,0.58072,0.56295,0.28955,1.34403,1.16276,1.28572,0.00120669,0.00120669,0.00120669
9,394.12,1.32147,1.03006,1.17337,0.25297,0.55314,0.47896,0.35013,1.33085,1.48389,1.27127,0.0012005,0.0012005,0.0012005
10,411.867,1.31762,1.0199,1.15758,0.27085,0.57332,0.32851,0.20651,1.26818,1.19307,1.19317,0.00119431,0.00119431,0.00119431
11,428.991,1.25873,0.99668,1.14084,0.61828,0.56717,0.53587,0.38683,1.23875,1.14126,1.18761,0.00118812,0.00118812,0.00118812
12,443.857,1.25835,1.00464,1.13357,0.57042,0.54126,0.50672,0.25971,1.29833,1.05936,1.22097,0.00118194,0.00118194,0.00118194
13,458.191,1.28008,0.98137,1.16006,0.70769,0.33072,0.39825,0.23883,1.28681,1.46769,1.2463,0.00117575,0.00117575,0.00117575
14,477.945,1.27112,0.97604,1.15466,0.65994,0.51302,0.52252,0.35,1.21044,1.05338,1.17571,0.00116956,0.00116956,0.00116956
15,502.989,1.26457,0.97755,1.1381,0.33099,0.50729,0.44401,0.22749,1.36906,1.27718,1.25303,0.00116337,0.00116337,0.00116337
16,517.656,1.22957,0.96446,1.13613,0.8229,0.56958,0.6889,0.39728,1.2606,1.13125,1.21387,0.00115719,0.00115719,0.00115719
17,534.381,1.22625,0.94291,1.13727,0.73603,0.49859,0.51657,0.34554,1.21888,1.00583,1.17302,0.001151,0.001151,0.001151
18,551.59,1.21947,0.93955,1.1249,0.55712,0.5398,0.59604,0.37829,1.24197,1.01795,1.19812,0.00114481,0.00114481,0.00114481
19,569.261,1.22751,0.97696,1.13092,0.40417,0.55331,0.56216,0.35817,1.19666,0.9789,1.15686,0.00113863,0.00113863,0.00113863
20,588.404,1.19855,0.92782,1.1084,0.67269,0.3899,0.51104,0.3652,1.16925,1.10377,1.15423,0.00113244,0.00113244,0.00113244
21,604.468,1.20003,0.909,1.1143,0.8784,0.50955,0.67737,0.44972,1.21706,1.04317,1.17223,0.00112625,0.00112625,0.00112625
22,640.08,1.23136,0.94169,1.1267,0.703,0.49506,0.57064,0.35839,1.2121,1.00673,1.16739,0.00112006,0.00112006,0.00112006
23,680.136,1.19893,0.91087,1.11611,0.70373,0.52695,0.61333,0.44553,1.1743,0.97201,1.16464,0.00111388,0.00111388,0.00111388
24,708.241,1.18882,0.90686,1.11465,0.904,0.62324,0.74462,0.4518,1.16554,0.93078,1.15392,0.00110769,0.00110769,0.00110769
25,727.595,1.15589,0.86999,1.09183,0.79729,0.47623,0.53343,0.36715,1.22607,1.18387,1.187,0.0011015,0.0011015,0.0011015
26,747.468,1.13392,0.86628,1.07744,0.69972,0.48923,0.68002,0.44694,1.15763,1.05357,1.16038,0.00109531,0.00109531,0.00109531
27,766.108,1.13429,0.86934,1.08827,0.53243,0.59802,0.62052,0.41046,1.1635,0.98746,1.16902,0.00108913,0.00108913,0.00108913
28,782.625,1.14514,0.85776,1.08774,0.5625,0.59572,0.5496,0.38658,1.16323,1.04784,1.16396,0.00108294,0.00108294,0.00108294
29,798.904,1.15221,0.89515,1.08279,0.61399,0.68265,0.64794,0.42647,1.18542,1.00457,1.16507,0.00107675,0.00107675,0.00107675
30,815.613,1.18074,0.87267,1.09056,0.84486,0.65823,0.63512,0.43168,1.19407,1.03371,1.16971,0.00107056,0.00107056,0.00107056
31,832.461,1.16219,0.87048,1.09112,0.86427,0.5116,0.61841,0.44761,1.20887,1.07143,1.17789,0.00106437,0.00106437,0.00106437
32,849.126,1.13888,0.85801,1.08941,0.64225,0.6681,0.6399,0.42238,1.18204,1.08534,1.16376,0.00105819,0.00105819,0.00105819
33,865.49,1.13262,0.86708,1.09073,0.79825,0.6385,0.69444,0.48687,1.13336,0.95913,1.14612,0.001052,0.001052,0.001052
34,882.634,1.11779,0.84363,1.07831,0.67906,0.68815,0.68856,0.48044,1.11322,0.92268,1.12679,0.00104581,0.00104581,0.00104581
35,899.614,1.10255,0.81734,1.07997,0.87312,0.52028,0.67169,0.42731,1.13495,0.93531,1.1412,0.00103962,0.00103962,0.00103962
36,915.134,1.13943,0.85292,1.09026,0.80163,0.49118,0.64283,0.43762,1.16081,1.01079,1.15593,0.00103344,0.00103344,0.00103344
37,931.201,1.10765,0.8169,1.0735,0.86675,0.46303,0.62549,0.46541,1.17017,1.03263,1.1495,0.00102725,0.00102725,0.00102725
38,948.048,1.09398,0.79735,1.05385,0.39344,0.68996,0.53665,0.38757,1.21084,1.01626,1.17865,0.00102106,0.00102106,0.00102106
39,964.937,1.12277,0.83142,1.0661,0.80099,0.58232,0.74409,0.57109,1.18137,0.96568,1.15101,0.00101488,0.00101488,0.00101488
40,983.076,1.1134,0.83019,1.07168,0.76438,0.60891,0.69042,0.51187,1.12171,0.96623,1.14097,0.00100869,0.00100869,0.00100869
41,1000.48,1.10601,0.8157,1.06243,0.54201,0.73723,0.67907,0.45992,1.14919,0.89275,1.16207,0.0010025,0.0010025,0.0010025
42,1015.26,1.09404,0.81627,1.07057,0.84469,0.61227,0.68016,0.46308,1.14781,0.89379,1.1526,0.000996313,0.000996313,0.000996313
43,1033.04,1.07775,0.80016,1.05369,0.43127,0.73997,0.56831,0.4024,1.10983,1.02474,1.12471,0.000990125,0.000990125,0.000990125
44,1051.17,1.08341,0.78152,1.06116,0.84427,0.55126,0.77751,0.55177,1.14087,0.90069,1.17687,0.000983938,0.000983938,0.000983938
45,1069.04,1.07627,0.77147,1.0489,0.69861,0.67559,0.77439,0.5443,1.09418,0.90051,1.11764,0.00097775,0.00097775,0.00097775
46,1086.8,1.0907,0.77618,1.04533,0.90081,0.63135,0.77052,0.58969,1.14652,0.8843,1.1359,0.000971562,0.000971562,0.000971562
47,1105.6,1.09294,0.77988,1.05455,0.65441,0.66398,0.69072,0.45039,1.13075,0.95861,1.13026,0.000965375,0.000965375,0.000965375
48,1123.48,1.08763,0.77211,1.05759,0.49189,0.80867,0.7078,0.47363,1.11646,0.90817,1.13766,0.000959187,0.000959187,0.000959187
49,1140.43,1.06508,0.74492,1.05065,0.88397,0.59598,0.7326,0.5564,1.15326,0.95182,1.16672,0.000953,0.000953,0.000953
50,1157.42,1.10295,0.77839,1.05635,0.57186,0.58458,0.62053,0.43314,1.17729,0.94325,1.15857,0.000946812,0.000946812,0.000946812
51,1174.03,1.09438,0.78636,1.06674,0.69831,0.67951,0.7715,0.55885,1.14341,0.90176,1.1502,0.000940625,0.000940625,0.000940625
52,1191.36,1.05182,0.75446,1.036,0.8402,0.63883,0.76886,0.59137,1.12748,0.93417,1.12992,0.000934438,0.000934438,0.000934438
53,1206.26,1.07302,0.77264,1.0564,0.95367,0.63047,0.72711,0.51069,1.12559,0.96474,1.14392,0.00092825,0.00092825,0.00092825
54,1223.17,1.06215,0.75506,1.04451,0.94444,0.59258,0.76885,0.57202,1.11283,0.88294,1.14117,0.000922063,0.000922063,0.000922063
55,1239.95,1.02727,0.72354,1.02899,0.55545,0.77859,0.74944,0.53841,1.13062,0.90089,1.14859,0.000915875,0.000915875,0.000915875
56,1257.03,1.06515,0.75583,1.04725,0.86211,0.61437,0.68106,0.47148,1.10837,0.88791,1.1281,0.000909688,0.000909688,0.000909688
57,1274.18,1.08449,0.75931,1.04699,0.60217,0.51877,0.57031,0.42923,1.16912,0.97465,1.15279,0.0009035,0.0009035,0.0009035
58,1290.94,1.05134,0.73908,1.04202,0.74188,0.62814,0.68199,0.4886,1.12554,0.93083,1.14281,0.000897313,0.000897313,0.000897313
59,1307.64,1.03428,0.70864,1.03531,0.64353,0.73057,0.69325,0.50643,1.12409,0.90227,1.14067,0.000891125,0.000891125,0.000891125
60,1324.87,1.02971,0.70825,1.03421,0.72859,0.6418,0.77364,0.55278,1.13627,0.93047,1.14608,0.000884938,0.000884938,0.000884938
61,1340.47,1.04634,0.72116,1.04197,0.5516,0.75138,0.59851,0.38219,1.13649,0.97192,1.14913,0.00087875,0.00087875,0.00087875
62,1381.27,1.026,0.7258,1.04637,0.73979,0.62334,0.62557,0.42927,1.12745,0.91105,1.14317,0.000872563,0.000872563,0.000872563
63,1413.03,1.037,0.72116,1.04294,0.60678,0.78179,0.73964,0.5262,1.13601,0.91785,1.15049,0.000866375,0.000866375,0.000866375
64,1430.34,0.98915,0.68982,1.02465,0.85295,0.65039,0.78586,0.55524,1.14412,0.88322,1.15162,0.000860188,0.000860188,0.000860188
65,1447.63,1.02613,0.67863,1.01947,0.54913,0.74617,0.68215,0.50318,1.12304,0.90326,1.15639,0.000854,0.000854,0.000854
66,1464.91,0.99364,0.69095,1.03973,0.88969,0.59933,0.75378,0.56938,1.11693,0.94659,1.13224,0.000847813,0.000847813,0.000847813
67,1482.17,1.01672,0.68667,1.03601,0.8069,0.6863,0.73185,0.50843,1.10632,0.87742,1.12886,0.000841625,0.000841625,0.000841625
68,1499.54,1.01399,0.68807,1.01978,0.90651,0.64422,0.75091,0.5106,1.12782,0.92009,1.14538,0.000835438,0.000835438,0.000835438
69,1514.04,1.01667,0.69221,1.03447,0.50337,0.71724,0.73685,0.52153,1.10262,0.89838,1.14115,0.00082925,0.00082925,0.00082925
70,1530.85,1.00983,0.68528,1.02792,0.73212,0.68888,0.7688,0.566,1.1376,0.92161,1.17621,0.000823063,0.000823063,0.000823063
71,1548.17,1.01421,0.68019,1.01213,0.8187,0.63515,0.76467,0.54801,1.15758,0.86182,1.19952,0.000816875,0.000816875,0.000816875
72,1564.86,0.99243,0.66449,1.02035,0.69204,0.74867,0.78338,0.57152,1.12109,0.84607,1.16619,0.000810688,0.000810688,0.000810688
73,1581.5,0.99424,0.67172,1.02579,0.71957,0.68358,0.77541,0.56344,1.10579,0.91893,1.1521,0.0008045,0.0008045,0.0008045
74,1598.08,0.98331,0.65332,1.01811,0.88913,0.70439,0.76796,0.53843,1.10468,0.90791,1.1438,0.000798313,0.000798313,0.000798313
75,1614.62,0.98684,0.66689,1.01038,0.72513,0.72959,0.77001,0.55381,1.11823,0.88406,1.15632,0.000792125,0.000792125,0.000792125
76,1631.71,0.96904,0.63152,1.01389,0.67153,0.69594,0.70793,0.53796,1.13232,0.8905,1.17035,0.000785938,0.000785938,0.000785938
77,1646.44,0.97901,0.64906,1.00433,0.7772,0.70905,0.77477,0.53988,1.08341,0.87372,1.12309,0.00077975,0.00077975,0.00077975
78,1671.53,0.96964,0.63431,1.00384,0.81523,0.64488,0.77837,0.58695,1.14218,0.8977,1.18599,0.000773563,0.000773563,0.000773563
79,1697.2,0.96432,0.62634,1.00498,0.67807,0.66751,0.69344,0.53818,1.11601,0.86265,1.16812,0.000767375,0.000767375,0.000767375
80,1713.61,0.95595,0.62458,1.00715,0.82596,0.6765,0.76921,0.51502,1.15247,0.98796,1.17719,0.000761188,0.000761188,0.000761188
81,1729.98,0.96749,0.64213,1.00684,0.88992,0.60162,0.75945,0.54518,1.14377,0.91327,1.172,0.000755,0.000755,0.000755
82,1746.75,0.97214,0.63313,0.9953,0.73044,0.67765,0.76086,0.56115,1.1349,0.86951,1.17243,0.000748813,0.000748813,0.000748813
83,1763.85,0.95554,0.62824,1.00291,0.67538,0.71907,0.75696,0.5755,1.16453,0.90943,1.19163,0.000742625,0.000742625,0.000742625
84,1781.02,0.96447,0.62164,1.00322,0.72249,0.68963,0.78544,0.59135,1.10084,0.85065,1.14366,0.000736438,0.000736438,0.000736438
85,1797.59,0.94887,0.60609,0.99514,0.69595,0.75927,0.78582,0.5676,1.11682,0.87292,1.17824,0.00073025,0.00073025,0.00073025
86,1818.05,0.94438,0.61372,0.99261,0.7741,0.73007,0.79029,0.56573,1.14485,0.9055,1.18625,0.000724062,0.000724062,0.000724062
87,1848.76,0.94621,0.60459,1.00103,0.61281,0.74984,0.77125,0.5241,1.13767,0.90237,1.1957,0.000717875,0.000717875,0.000717875
88,1869.38,0.95872,0.61797,1.00248,0.81672,0.65346,0.76406,0.58962,1.1227,0.88591,1.1754,0.000711687,0.000711687,0.000711687
89,1886.02,0.98014,0.62928,1.00751,0.76976,0.6612,0.76096,0.57774,1.14793,0.8551,1.18023,0.0007055,0.0007055,0.0007055
90,1902.87,0.93605,0.59857,0.98952,0.7288,0.74162,0.76074,0.57947,1.13784,0.90465,1.18121,0.000699312,0.000699312,0.000699312
91,1919.5,0.95389,0.59105,0.9878,0.74855,0.71306,0.75898,0.58146,1.14015,0.91399,1.17833,0.000693125,0.000693125,0.000693125
92,1934.43,0.92729,0.59287,0.98367,0.70014,0.73735,0.77595,0.56289,1.1242,0.87527,1.15481,0.000686937,0.000686937,0.000686937
93,1950.95,0.92969,0.59415,0.98138,0.72889,0.71968,0.77366,0.5527,1.10239,0.83206,1.15645,0.00068075,0.00068075,0.00068075
94,1967.81,0.91368,0.57518,0.98226,0.81904,0.65932,0.76549,0.55456,1.14302,0.90441,1.18213,0.000674562,0.000674562,0.000674562
95,1984.91,0.91773,0.57587,0.979,0.72062,0.72058,0.77067,0.5664,1.11858,0.83394,1.17227,0.000668375,0.000668375,0.000668375
96,2002.95,0.95754,0.59749,0.9904,0.7182,0.73835,0.79149,0.57311,1.11787,0.83565,1.16441,0.000662188,0.000662188,0.000662188
97,2019.43,0.91997,0.58063,0.98209,0.76359,0.64893,0.70433,0.5047,1.11648,0.84716,1.168,0.000656,0.000656,0.000656
98,2036.22,0.93209,0.58292,0.99292,0.93753,0.61917,0.75894,0.57321,1.17528,0.91207,1.21901,0.000649813,0.000649813,0.000649813
99,2054.19,0.92042,0.57045,0.98036,0.64649,0.74124,0.74163,0.56292,1.13503,0.88187,1.18455,0.000643625,0.000643625,0.000643625
100,2071.41,0.92052,0.5765,0.9972,0.725,0.6927,0.73875,0.56666,1.13883,0.85756,1.17542,0.000637437,0.000637437,0.000637437
101,2085.84,0.91373,0.57332,0.98004,0.7348,0.68436,0.76822,0.57854,1.13925,0.85611,1.17466,0.00063125,0.00063125,0.00063125
102,2102.6,0.91192,0.57187,0.98343,0.78236,0.73475,0.78393,0.5803,1.14757,0.86847,1.20075,0.000625062,0.000625062,0.000625062
103,2119.17,0.89467,0.55729,0.97388,0.73251,0.74277,0.78206,0.58029,1.15265,0.82396,1.20467,0.000618875,0.000618875,0.000618875
104,2135.83,0.91063,0.56671,0.98185,0.78033,0.67509,0.75945,0.56914,1.15166,0.97753,1.19864,0.000612687,0.000612687,0.000612687
105,2149.96,0.90516,0.55848,0.98355,0.70056,0.71239,0.77555,0.55274,1.13067,0.92109,1.19253,0.0006065,0.0006065,0.0006065
106,2167.1,0.91822,0.56683,0.98262,0.65031,0.75078,0.76673,0.58994,1.13623,0.89091,1.18442,0.000600313,0.000600313,0.000600313
107,2183.96,0.91869,0.56191,0.97778,0.72982,0.69936,0.77049,0.61843,1.13114,0.87277,1.18677,0.000594125,0.000594125,0.000594125
108,2198.37,0.87888,0.54894,0.96682,0.66424,0.70565,0.78041,0.5844,1.13533,0.82539,1.19392,0.000587938,0.000587938,0.000587938
109,2215.54,0.89115,0.54614,0.97732,0.64245,0.72522,0.75932,0.58144,1.12952,0.87476,1.18882,0.00058175,0.00058175,0.00058175
110,2242.41,0.89071,0.55114,0.97184,0.69903,0.70106,0.75835,0.58113,1.14602,0.88166,1.21209,0.000575563,0.000575563,0.000575563
111,2269.06,0.8851,0.54242,0.97407,0.79771,0.6242,0.7509,0.5681,1.12387,0.92369,1.18995,0.000569375,0.000569375,0.000569375
112,2307.04,0.89156,0.54474,0.96582,0.62663,0.74522,0.72578,0.53928,1.13174,0.90647,1.19484,0.000563187,0.000563187,0.000563187
113,2323.63,0.87894,0.53873,0.9737,0.69419,0.69986,0.74897,0.55939,1.16317,0.91888,1.19823,0.000557,0.000557,0.000557
114,2340.48,0.88179,0.53026,0.96283,0.77869,0.70752,0.78726,0.55738,1.13606,0.86947,1.18357,0.000550813,0.000550813,0.000550813
115,2357.59,0.86306,0.53511,0.96472,0.7248,0.7051,0.76145,0.56135,1.16643,0.87535,1.21957,0.000544625,0.000544625,0.000544625
116,2373.22,0.85767,0.52982,0.97166,0.72145,0.73968,0.77506,0.55381,1.13985,0.85126,1.21514,0.000538438,0.000538438,0.000538438
117,2390.79,0.87229,0.52535,0.96635,0.75693,0.71828,0.77842,0.56426,1.12728,0.86744,1.20908,0.00053225,0.00053225,0.00053225
118,2407.93,0.87895,0.53919,0.96519,0.60564,0.76218,0.76707,0.54127,1.12782,0.89556,1.18869,0.000526063,0.000526063,0.000526063
119,2425.19,0.86518,0.52145,0.9622,0.70353,0.72607,0.78288,0.54176,1.14691,0.89349,1.201,0.000519875,0.000519875,0.000519875
120,2443.1,0.86249,0.51411,0.95379,0.78461,0.67608,0.76886,0.55409,1.11724,0.9294,1.1754,0.000513688,0.000513688,0.000513688
121,2459.75,0.86317,0.5221,0.95552,0.68617,0.74021,0.76469,0.56718,1.15589,0.96899,1.20337,0.0005075,0.0005075,0.0005075
122,2476.56,0.85527,0.52092,0.9538,0.70667,0.75837,0.76495,0.60429,1.1451,0.90411,1.21926,0.000501313,0.000501313,0.000501313
123,2493.87,0.85785,0.50174,0.94373,0.77482,0.74525,0.78303,0.59875,1.16302,0.88492,1.2299,0.000495125,0.000495125,0.000495125
124,2511.11,0.85655,0.5054,0.95383,0.75823,0.69744,0.75802,0.57111,1.15447,0.91729,1.22117,0.000488938,0.000488938,0.000488938
125,2525.53,0.8689,0.52236,0.95539,0.80113,0.68324,0.7646,0.56495,1.12753,0.8939,1.20061,0.00048275,0.00048275,0.00048275
126,2542.21,0.8382,0.49842,0.95855,0.76469,0.69299,0.77577,0.57644,1.11728,0.93431,1.18443,0.000476562,0.000476562,0.000476562
127,2559.47,0.85978,0.50491,0.9512,0.68512,0.73275,0.7686,0.57579,1.13011,0.89365,1.2161,0.000470375,0.000470375,0.000470375
128,2576.85,0.84683,0.49708,0.94946,0.74112,0.68588,0.76332,0.58973,1.10989,0.94605,1.18479,0.000464188,0.000464188,0.000464188
129,2593.47,0.83707,0.49567,0.94565,0.77651,0.69305,0.77801,0.58117,1.13917,0.91008,1.21733,0.000458,0.000458,0.000458
130,2610.68,0.83699,0.49616,0.94669,0.7514,0.70596,0.77663,0.5798,1.13634,0.93268,1.20747,0.000451813,0.000451813,0.000451813
131,2627.64,0.84281,0.49674,0.95055,0.76302,0.69225,0.7578,0.59039,1.13386,0.95065,1.2041,0.000445625,0.000445625,0.000445625
132,2644.36,0.8365,0.48516,0.95639,0.77548,0.70793,0.74438,0.55365,1.1527,0.98501,1.21082,0.000439437,0.000439437,0.000439437
133,2655.79,0.8343,0.49777,0.94402,0.73413,0.73267,0.76957,0.56412,1.14399,0.90304,1.22919,0.00043325,0.00043325,0.00043325
134,2675.15,0.84074,0.50158,0.95758,0.73112,0.70662,0.75755,0.56879,1.1594,0.92433,1.2503,0.000427062,0.000427062,0.000427062
135,2703.52,0.84269,0.49912,0.95096,0.73095,0.69646,0.76434,0.55763,1.15551,0.90724,1.24059,0.000420875,0.000420875,0.000420875
136,2720.75,0.82042,0.49113,0.94691,0.72079,0.67228,0.75647,0.5629,1.12252,0.92082,1.20582,0.000414688,0.000414688,0.000414688
137,2737.55,0.82365,0.48347,0.9427,0.71509,0.70433,0.7634,0.58951,1.13899,0.9484,1.20879,0.0004085,0.0004085,0.0004085
138,2754.43,0.80779,0.46778,0.9355,0.69844,0.72508,0.76768,0.59168,1.12649,0.92051,1.20062,0.000402312,0.000402312,0.000402312
139,2771,0.81598,0.47108,0.95047,0.7385,0.71949,0.76736,0.60561,1.131,0.89058,1.20608,0.000396125,0.000396125,0.000396125
140,2787.75,0.80104,0.46522,0.93347,0.63735,0.65719,0.76689,0.58655,1.14419,0.94505,1.22189,0.000389938,0.000389938,0.000389938
141,2803.76,0.7905,0.46012,0.93731,0.75494,0.71254,0.76771,0.59387,1.13424,0.94764,1.2177,0.00038375,0.00038375,0.00038375
142,2821.2,0.81259,0.46817,0.93364,0.78746,0.71246,0.77013,0.56769,1.15004,0.91324,1.23761,0.000377563,0.000377563,0.000377563
143,2851.17,0.81841,0.47741,0.94282,0.79298,0.71629,0.77084,0.57469,1.15235,0.94049,1.24453,0.000371375,0.000371375,0.000371375
144,2867.67,0.80706,0.46063,0.93276,0.80099,0.70179,0.77221,0.58792,1.16131,0.89983,1.26239,0.000365188,0.000365188,0.000365188
145,2885.03,0.80134,0.45686,0.93237,0.78203,0.69524,0.77229,0.58871,1.14904,0.96491,1.23615,0.000359,0.000359,0.000359
146,2902.18,0.78332,0.44335,0.93073,0.74447,0.70233,0.76267,0.58381,1.15317,0.95444,1.23044,0.000352812,0.000352812,0.000352812
147,2918.91,0.79362,0.45612,0.93409,0.74354,0.70934,0.78181,0.5684,1.13793,0.91642,1.21827,0.000346625,0.000346625,0.000346625
148,2935.88,0.78835,0.45799,0.92704,0.76165,0.70411,0.77322,0.56347,1.11665,0.93326,1.19185,0.000340438,0.000340438,0.000340438
149,2950.47,0.79653,0.45842,0.93675,0.68536,0.72719,0.76681,0.58797,1.15868,0.93671,1.23418,0.00033425,0.00033425,0.00033425
150,2978.07,0.78681,0.45547,0.93012,0.77259,0.7211,0.77542,0.55789,1.1575,0.94499,1.26706,0.000328063,0.000328063,0.000328063
151,2993.43,0.7893,0.45235,0.93253,0.77074,0.74314,0.78006,0.57006,1.15876,0.93046,1.24176,0.000321875,0.000321875,0.000321875
152,3006.42,0.78187,0.44385,0.92539,0.7772,0.72088,0.78334,0.5658,1.14554,0.93607,1.23259,0.000315687,0.000315687,0.000315687
153,3019.59,0.77154,0.4517,0.93235,0.71201,0.72748,0.76669,0.5739,1.13818,0.90366,1.22752,0.0003095,0.0003095,0.0003095
154,3034.02,0.77507,0.4498,0.92585,0.7572,0.71939,0.78011,0.58659,1.13778,0.94722,1.21936,0.000303313,0.000303313,0.000303313
155,3048.56,0.76736,0.45392,0.93597,0.72931,0.74106,0.7717,0.57153,1.15825,0.962,1.24463,0.000297125,0.000297125,0.000297125
156,3063.03,0.76532,0.44618,0.92855,0.67318,0.72661,0.76771,0.56428,1.14094,0.95409,1.23752,0.000290937,0.000290937,0.000290937
157,3079.71,0.76075,0.43708,0.92158,0.81762,0.67487,0.77846,0.58483,1.14996,0.9282,1.24434,0.00028475,0.00028475,0.00028475
158,3096.68,0.76212,0.44093,0.92974,0.82391,0.66608,0.77778,0.57925,1.14339,0.91709,1.24533,0.000278562,0.000278562,0.000278562
159,3110.66,0.75664,0.44067,0.92301,0.78195,0.72168,0.77948,0.57896,1.18077,0.89281,1.27098,0.000272375,0.000272375,0.000272375
160,3128.78,0.73832,0.42919,0.91425,0.77324,0.714,0.7791,0.55987,1.1639,0.95019,1.24373,0.000266187,0.000266187,0.000266187
161,3142.98,0.77237,0.44359,0.9244,0.7311,0.72272,0.77979,0.54365,1.15992,0.89112,1.2481,0.00026,0.00026,0.00026
162,3159.27,0.76945,0.44464,0.92569,0.73332,0.71825,0.76563,0.56394,1.17212,0.94092,1.26749,0.000253812,0.000253812,0.000253812
163,3173.58,0.75058,0.43408,0.91636,0.77914,0.69342,0.76921,0.5706,1.16227,0.96267,1.26342,0.000247625,0.000247625,0.000247625
164,3188.08,0.75323,0.43594,0.91708,0.74994,0.70274,0.76818,0.56885,1.15992,0.94446,1.25566,0.000241438,0.000241438,0.000241438
165,3202.01,0.76357,0.43168,0.91853,0.75698,0.6984,0.76976,0.56926,1.14901,0.95664,1.24313,0.00023525,0.00023525,0.00023525
166,3216.34,0.76821,0.43359,0.91606,0.80249,0.70188,0.76202,0.56543,1.14787,0.98085,1.25232,0.000229063,0.000229063,0.000229063
167,3230.67,0.76365,0.43158,0.91249,0.73703,0.73905,0.77457,0.57725,1.12994,0.9069,1.23657,0.000222875,0.000222875,0.000222875
168,3245.18,0.74088,0.42333,0.91281,0.75195,0.71151,0.7636,0.54593,1.14015,0.94921,1.24294,0.000216688,0.000216688,0.000216688
169,3258.76,0.73925,0.41662,0.91061,0.7534,0.71274,0.77385,0.57785,1.14545,0.95177,1.23891,0.0002105,0.0002105,0.0002105
170,3273.08,0.72827,0.4149,0.91176,0.78106,0.69861,0.77082,0.56754,1.14358,0.93421,1.23129,0.000204313,0.000204313,0.000204313
171,3287.03,0.72965,0.41727,0.91053,0.79208,0.71129,0.78513,0.55488,1.12751,0.90785,1.21765,0.000198125,0.000198125,0.000198125
172,3301.41,0.73742,0.42259,0.91601,0.7505,0.73768,0.78221,0.5611,1.14416,0.89108,1.24259,0.000191938,0.000191938,0.000191938
173,3315.85,0.73476,0.41515,0.9041,0.78072,0.72548,0.77839,0.58376,1.14374,0.93707,1.25942,0.00018575,0.00018575,0.00018575
174,3330.34,0.70502,0.41084,0.90769,0.82024,0.70255,0.78376,0.57325,1.15005,0.92661,1.25599,0.000179563,0.000179563,0.000179563
175,3344.82,0.70989,0.40527,0.91317,0.72191,0.73395,0.76601,0.58976,1.14948,0.91267,1.26173,0.000173375,0.000173375,0.000173375
176,3359.18,0.71841,0.40329,0.90936,0.76577,0.69555,0.77639,0.59455,1.14054,0.924,1.25353,0.000167188,0.000167188,0.000167188
177,3373.15,0.73563,0.41378,0.90924,0.77669,0.70194,0.77946,0.57709,1.15713,0.95537,1.26336,0.000161,0.000161,0.000161
178,3386.55,0.72959,0.40939,0.90745,0.79867,0.69196,0.77568,0.57023,1.14795,0.91607,1.25335,0.000154812,0.000154812,0.000154812
179,3415.5,0.70511,0.40135,0.89927,0.77383,0.70255,0.77524,0.59068,1.14652,0.88215,1.25574,0.000148625,0.000148625,0.000148625
180,3437.19,0.72685,0.40859,0.90478,0.71135,0.70898,0.77062,0.59377,1.15414,0.92278,1.26008,0.000142437,0.000142437,0.000142437
181,3450.93,0.72536,0.41246,0.91013,0.77826,0.70712,0.77402,0.58889,1.15262,0.9533,1.27298,0.00013625,0.00013625,0.00013625
182,3467.69,0.70889,0.40354,0.90638,0.7656,0.70846,0.77683,0.56994,1.14333,0.93384,1.2533,0.000130062,0.000130062,0.000130062
183,3482.13,0.72421,0.41054,0.90823,0.74608,0.69968,0.76202,0.56596,1.13831,0.99258,1.24007,0.000123875,0.000123875,0.000123875
184,3496.42,0.7038,0.39454,0.89912,0.75127,0.71876,0.78123,0.58757,1.13616,0.94547,1.24481,0.000117687,0.000117687,0.000117687
185,3510.39,0.70052,0.39777,0.89896,0.76072,0.7245,0.78183,0.58645,1.13958,0.98814,1.24935,0.0001115,0.0001115,0.0001115
186,3525.04,0.70004,0.39717,0.90163,0.79623,0.7224,0.77782,0.57803,1.14784,0.9879,1.27079,0.000105312,0.000105312,0.000105312
187,3541.55,0.71569,0.39915,0.89582,0.77362,0.73364,0.77251,0.57614,1.13924,0.95912,1.25766,9.9125e-05,9.9125e-05,9.9125e-05
188,3554.71,0.7019,0.3959,0.89793,0.75235,0.73115,0.77985,0.57389,1.13296,0.95521,1.24299,9.29375e-05,9.29375e-05,9.29375e-05
189,3568.44,0.70132,0.391,0.90065,0.77662,0.69443,0.77448,0.57868,1.13621,0.95593,1.25233,8.675e-05,8.675e-05,8.675e-05
190,3582.87,0.68043,0.38074,0.89454,0.74751,0.73276,0.77231,0.58471,1.14346,0.93979,1.25521,8.05625e-05,8.05625e-05,8.05625e-05
191,3620.2,0.68854,0.38757,0.90515,0.7728,0.73428,0.77613,0.57625,1.14956,0.95225,1.26206,7.4375e-05,7.4375e-05,7.4375e-05
192,3634.53,0.66704,0.36568,0.89419,0.77692,0.69977,0.77425,0.57725,1.15712,0.96149,1.28455,6.81875e-05,6.81875e-05,6.81875e-05
193,3648.2,0.67534,0.3684,0.89126,0.76463,0.6908,0.77699,0.59665,1.16667,0.96112,1.29723,6.2e-05,6.2e-05,6.2e-05
194,3662.43,0.66455,0.35921,0.89732,0.77234,0.70959,0.77712,0.57791,1.17013,0.94472,1.29778,5.58125e-05,5.58125e-05,5.58125e-05
195,3676.43,0.66664,0.35935,0.89202,0.76784,0.704,0.76914,0.57809,1.15953,0.94517,1.28738,4.9625e-05,4.9625e-05,4.9625e-05
196,3688,0.65866,0.35611,0.89208,0.77515,0.70526,0.77447,0.57827,1.15826,0.94381,1.28661,4.34375e-05,4.34375e-05,4.34375e-05
197,3701.45,0.6624,0.35906,0.88871,0.76684,0.71031,0.77457,0.57723,1.15286,0.94069,1.28025,3.725e-05,3.725e-05,3.725e-05
198,3715.41,0.66035,0.35372,0.89094,0.77559,0.71417,0.77787,0.5781,1.16319,0.93958,1.29878,3.10625e-05,3.10625e-05,3.10625e-05
199,3729.78,0.65151,0.35005,0.88463,0.76776,0.72456,0.77871,0.57953,1.1618,0.9426,1.30009,2.4875e-05,2.4875e-05,2.4875e-05
200,3743.87,0.646,0.34878,0.8805,0.7651,0.70604,0.77643,0.57868,1.15372,0.94895,1.28421,1.86875e-05,1.86875e-05,1.86875e-05
